Customer ID;AVERAGE_QT_AMT;total_spends
12759;11;562.11
17916;4;22.32
16917;13;241.03
14070;2;200.25
12530;19;292.35
13300;6;175.6
14840;7;58.43
17375;6;62.19
17043;6;378.79
16585;8;55.48
17584;22;373.18
14674;7;37.52
16214;16;181.18
13134;13;96.25
16711;27;58.93
18251;345;97.45
15278;15;36.62
16048;11;85.97
14508;1;455.38
13738;2;240.6
12427;7;49.25
15882;9;106.72
15112;10;30.5
13031;5;1069.05
12802;14;307.42
14342;13;47
17919;40;18.13
16920;3;124.65
12636;1;141
15716;5;605.19
13406;28;24.14
17587;1;146.13
16588;12;218.27
17129;2;13.45
18128;4;118.27
12865;10;300.66
14176;7;56.09
16797;2;1166.52
15550;4;530.83
12470;4;90.35
16320;13;1757.95
13240;3;379.72
13469;8;16.2
14010;4;86.9
17255;3;241.62
17796;1;521.54
12699;9;127.56
12533;6;298.62
13074;27;122.67
16923;6;1315.32
16154;-1;10.5
17464;10;86.52
15384;14;164.26
16465;10;125.4
13303;6;17.54
14614;9;52.56
15218;13;703.4
18131;138;4.03
15988;2;295.38
17673;6;503.4
12908;600;1.71
13137;2;1859.5
17132;12;255.46
12971;31;341.68
15822;14;112.21
17799;3;1364.58
14282;28;160
12742;19;116.13
13512;11;59.66
17341;3;511.69
18008;86;321.69
12805;10;211.75
13346;30;11.35
17009;30;19
12576;8;176.38
16468;7;101.07
17467;5;26.5
16677;9;184.52
13409;-1;525.65
12639;10;177.99
17676;10;173.59
13180;10;15.05
17135;6;190.65
18217;16;30.25
12410;9;75.87
15490;2;91.1
14013;8;191.35
17344;3;103.02
16094;9;669.79
15324;9;18.47
13243;2;427.34
13784;23;57.98
13014;9;380.76
17012;6;89.04
13077;7;511.62
13847;5;112.69
14388;10;681
12848;3;63.55
16471;10;137.69
15928;14;24.6
17553;310;11
18011;1;277.81
15158;2;347.29
12682;10;1793.3
18220;34;91.79
17679;9;132.14
14451;3;938.06
17221;6;164.15
12911;3;775.7
16680;14;56.9
14992;5;50.84
13452;4;34.95
14285;11;274.31
16366;10;195.75
17888;3;352.9
14826;15;30.45
12745;20;269.54
13515;8;70.26
13286;5;202.81
16889;8;200.86
12516;22;94.33
15596;7;409.84
16200;5;1319.03
13890;7;205.31
18097;20;142.77
14119;16;36.25
15430;7;163.55
17556;10;17.97
14723;3;404.79
18223;10;1175.47
14494;11;19.86
13953;500;6.25
13183;26;107.93
13724;3;90.18
16034;9;79.88
12954;8;31.15
16683;9;63.21
15264;5;129.13
17224;8;57.14
17765;2;107.27
12413;2;118.7
16892;3;156.46
13787;10;220.22
15868;14;10.07
12788;7;107.1
14328;0;1335.16
17433;3;109.5
16560;7;609.66
13392;10;11.57
15702;3;102.48
14391;12;11.3
18100;14;62.33
17101;11;132.54
17559;22;9.44
12851;1;99.5
14932;8;249.39
15161;4;61.75
17768;14;194.01
13455;5;510.13
16769;3;321.44
17227;13;90.49
14225;12;262.84
14766;12;593.81
16306;9;79.75
13996;18;119.25
15536;15;23.79
13226;8;30.5
17436;6;39.81
13289;7;70.25
16895;3;344.73
13830;3;99.85
16140;17;78.83
12519;8;78.63
14829;10;156.59
16437;9;43.55
17977;18;135.12
15370;11;162.52
14600;12;70.85
16563;29;167.46
17645;-2;4.95
13664;-1;13.14
12894;1;118.3
13123;5;144.67
18103;2;48.55
14663;5;152.95
17104;7;86.39
12353;9;38.78
13498;21;38.51
15808;8;2203.05
16772;6;496.6
13727;3;442.06
12957;8;1003.4
14497;8;40.98
17771;5;56.19
14268;7;65.25
15038;1;469.77
12728;8;59.52
15642;45;2.5
13561;4;494.4
17439;46;17.71
14872;13;76.97
12791;11;544.66
15101;7;308.69
16981;-1;4620.86
16440;3;73.4
15871;1;33.1
12562;14;140.37
17980;2;105.24
16246;3;257.5
17107;10;784.73
12396;9;149.46
18189;14;34.9
14706;9;79.74
12625;17;235.71
17648;13;62.66
14935;62;17.78
16649;4;136.19
15476;14;229.8
13395;22;97.24
13936;10;95.46
13166;11;79.41
13770;9;165.66
14769;11;882.7
13999;10;745.72
14540;6;731.72
13000;4;147.55
17857;467;4.86
12459;11;95.42
16775;4;485.38
15310;32;72.55
16080;6;72.95
17316;1;99.1
16143;8;417.25
15144;16;473.51
13604;10;118.55
16984;3;2888.79
15373;3;361.2
16443;96;1.69
14374;2;58.55
13063;9;27.5
17525;15;77.35
17983;4;67.42
13833;7;65.24
15914;11;45.12
17193;29;41.13
12668;9;1320.63
16652;25;731.59
14978;2;576.76
17651;9;297.36
14437;9;146.15
15207;14;44.96
13438;10;4.65
14208;16;59.62
12897;13;42.05
15748;13;55.55
17860;4;459.34
14042;8;78.54
17319;4;6.15
12731;26;409.53
14812;3;79.42
13501;10;227.63
16861;10;120.11
15041;2;54.98
14271;2;71.98
15811;4;554.8
16987;1;531.97
14646;93;5681.19
16186;12;616.94
14105;12;616.84
15416;8;119.21
18069;3;1133.23
13335;-1;955.06
14875;17;201
16446;-2;4.5
15645;7;75.68
13106;14;208.41
14480;9;146.82
14709;10;688.48
15479;4;45.4
16655;4;1038.46
12399;20;99.8
13939;11;151.45
15250;16;3.75
13710;22;15.39
13169;4;28.85
17196;1;250.95
18195;12;12.09
14543;8;1214.11
17322;3;380.14
15854;6;453.35
13773;9;50.12
17863;18;205.78
15084;19;184.74
13544;1;422.38
16864;16;38
12774;8;23.8
14314;11;9.15
16083;15;81.4
15917;1;332.47
17531;6;234.6
14918;19;402.02
16532;264;7.57
12837;2;299.82
15688;3;64.37
16990;100;1.65
13378;-1;756.4
13607;6;100.29
14148;14;30.97
15751;3;675.53
14211;9;386.51
17740;24;19.73
13982;10;344.85
16658;3;284.05
17199;33;7.19
12671;32;122.691
16292;10;274.04
18281;9;19.01
14981;8;39
13441;12;66.01
16126;15;816.71
14045;100;130.11
17866;21;66.5
16867;9;9.17
13275;2;105.58
17408;12;27.48
15356;1;509.53
12505;6;204.75
16355;2;156.57
17076;8;65.97
14420;11;224.3
14649;3;1222
16535;7;98.66
13650;8;277
17534;9;230.88
13879;8;81.81
13109;9;79.4
18075;9;700.26
15960;9;109.25
15190;19;90.49
15794;19;50.65
14483;24;5
13713;3;233.81
13484;5;139.85
12943;8;131.5
15253;10;167.85
17743;16;11.75
15024;5;579.64
17202;6;23.5
18284;17;116.09
14254;11;56.99
17411;6;130.52
15628;11;454.14
16412;2;263.88
17952;4;249.82
16870;9;77.96
14858;9;21.45
12777;17;83.21
14088;26;1936.43
15857;27;17.77
13547;1;136.24
13381;16;544.59
15691;10;49.55
14151;8;141.59
18078;5;132.53
16538;5;83.3
14692;6;281.68
16232;18;140.29
13922;13;69.3
15462;10;74.8
18287;16;244.34
14755;8;993.08
13985;11;362.41
15296;10;1092.95
17746;19;78.67
12445;6;59.59
17288;3;505.22
13215;96;0.85
14526;4;84.53
15525;3;220.99
13819;17;145.91
17414;277;7.37
15359;7;21.92
16415;3;230.63
17955;136;3.16
15900;5;170.56
16129;13;332.57
13049;24;30.74
14589;1;23.85
17082;16;222.86
14194;10;1148.53
17623;3;785.07
14423;22;33.32
15734;10;368.1
13653;8;25.05
13487;6;70.27
15797;102;6.21
14798;11;67.51
14257;12;268.5
15027;28;207.66
12717;5;95.39
14861;10;206.91
14091;255;40.84
17958;6;94.27
15631;13;87.52
15402;14;300.86
16172;14;88.33
16418;4;232.57
15465;9;756.13
14695;6;311.8
14466;11;371.72
17626;11;33.81
16235;6;414.4
13155;5;211.12
17168;10;68.85
16006;1;179.76
12385;9;254.25
15299;312;50
15070;10;115.75
12989;104;118.43
17294;17;45.88
16836;12;79.25
16069;5;129.55
15903;34;141.47
15674;9;837.19
12823;53;86.05
13593;5;1042.45
15133;14;63.99
18044;7;303.32
14363;13;27.42
14904;7;120.96
16962;10;40.24
14967;21;382.43
18170;8;415.1
13427;14;40.84
17171;4;63.64
16278;6;212.98
14197;7;93.5
16630;14;7.65
15571;3;1461
14031;15;2433.68
16839;27;328.8
17838;11;548.94
16341;19;134.97
17380;22;27.5
15176;8;233.17
17048;9;134.15
15946;62;66
15405;7;102.17
16507;2;84.54
16175;9;120.45
14635;7;58.15
18047;1;246.44
14469;6;573.16
16716;132;9.2
17715;192;0.85
13699;5;150.31
18256;18;8.24
15614;18;305.34
15073;8;433.1
16384;12;93.97
17383;6;11.2
14303;9;32.35
17924;17;30.9
12763;12;28.99
17592;0;103.1
14907;7;506.63
14137;28;11.73
16510;8;440.81
17051;2;197.01
16218;11;157.35
15677;9;135.45
13367;12;92.2
18050;11;61.57
18259;13;153.85
16719;5;897.8
12431;10;678.53
13971;11;275.21
16281;27;60.18
13201;11;196.83
17718;8;46.35
17260;3;61.15
14741;10;53.9
17927;10;30.15
16928;4;564.48
16387;4;308.43
15886;10;171.17
16115;4;348.12
14575;2;238.51
13035;18;34.34
17386;5;23.05
15179;15;714.04
16596;7;65.54
12869;3;95.32
14409;20;102.9
13639;10;36.47
18136;8;192.37
17804;2;254.27
16722;18;290.1
13473;13;226.16
15013;4;564.11
12703;6;203.52
18262;12;51.65
14243;10;831.42
16158;5;255.47
16390;5;119.55
17930;42;85.59
17472;1;151.42
13307;9;44.79
14847;7;233.35
15617;11;134.75
14077;7;33.8
16931;2;229.1
12537;10;125.68
13141;12;677.13
13911;18;202.53
14681;7;72.15
12371;8;421.85
15451;1;190.71
16221;4;543.12
16599;13;32.75
17598;12;32.69
12975;7;590.61
17807;2;206.99
17266;1;143.31
13745;19;35.08
14515;9;222.64
15285;20;5.67
16393;3;886.09
15889;2;837.98
18016;3;161.5
13579;8;234.56
12809;4;451.94
16934;6;323.87
13413;8;89.36
12643;83;249.46
15723;4;245.79
17143;2;416.14
14183;1;188.72
14953;3;406.15
16602;5;62.2
16327;9;1361.33
17352;3;17.25
17810;2;274.78
12477;9;1044.22
14017;5;65.15
14787;3;34.32
17269;2;331.38
14621;8;212.31
13081;16;2821.22
12540;14;1186.9
16161;5;1893.69
13851;13;206.75
17478;12;138.03
15391;8;84.86
16937;2;101.45
16605;144;0.42
17146;7;1135.51
12915;5;304.57
12374;20;149.47
14455;8;112.69
17687;8;73.44
15995;3;306.12
15059;2;1121.24
12978;8;430.16
16814;4;1751.9
12749;5;1109.23
13519;10;32.04
17355;6;77.18
12583;17;686.08
14123;9;78.59
17023;10;126.93
14893;6;111.23
18022;2;635.75
13353;-1;28.85
12417;7;1020.33
18231;7;1117.02
15497;21;403.96
17690;10;530.74
13957;5;141.5
13187;9;19.96
16267;28;8.72
16691;8;71.36
14727;0;60.96
17149;3;47.7
13021;8;480.85
17358;2;292.25
15331;15;83.66
16101;9;356.67
12480;13;321.99
13250;5;53.42
16817;9;178.93
16485;7;382.85
15935;-13;46.16
18025;9;214.4
14395;5;1423.22
13625;6;113.71
17567;8;167.65
13084;34;3.4
17026;8;16.55
12855;3;362.75
15165;5;134.65
15769;202;168.24
16694;8;50
13459;13;166.6
12918;0;32860.5
14999;9;29.12
17235;10;188.62
18234;2;70.75
14229;9;182.73
13293;7;245.15
14063;87;39920.95
12523;8;653.18
17361;7;73.53
15603;7;3.75
17902;21;31.36
14833;8;14
16373;4;83.65
16903;3;298.17
14667;9;2615.33
12586;7;443.82
13897;14;98.7
16571;13;346.57
17029;32;63.08
15437;8;40.91
18111;7;135.4
17570;0;200
12357;23;1395.64
17238;2;1915.91
13190;17;96.31
15271;3;878.24
12961;4;65.05
17905;6;537.96
15875;3;43.87
13024;5;170.37
15105;10;132.58
16906;2;454.42
13794;7;32.99
13565;4;50.83
17115;5;469.3
12858;1;178.31
16574;10;115.2
13628;6;66.17
14939;-1;934.66
15709;2;110.21
13399;8;54.15
14169;3;260.67
12629;16;179.9
14003;9;47.15
13462;10;148.48
13233;18;76.05
17241;5;794.28
12692;2;40.6
14773;4;54.95
15543;2;60.85
16783;6;83.45
17782;18;51.1
14607;29;406.93
16451;7;132.73
16147;9;340.7
13296;11;87.33
17991;2;154.38
17450;130;289.23
13067;5;88.3
15377;11;111
14670;1;127.96
14441;7;656.81
16577;6;97.6
12360;14;278.22
13900;9;144
15981;14;578.08
17659;6;212.43
13671;1;146
15211;5;118.79
13734;7;280.33
14275;23;44.74
17785;4;110.31
17327;14;18.66
12964;2;94.17
16786;72;0.72
14879;3;83.59
16454;0;20.05
17994;7;634.42
14338;15;35.23
12798;127;21.34
15649;29;60.7
16995;-1;1.25
18203;1;224.03
14713;4;779.97
16253;15;396.18
14942;17;87.44
13173;6;650.18
16663;100;1.65
13402;11;156.13
17121;8;44.84
17662;12;68.31
15483;3;310.46
14172;1;304.14
12403;41;28.53
13943;6;66.08
12632;17;98.67
13777;64;501.89
15317;6;19.7
17871;7;240.69
16087;66;24.1
12466;1;56.73
17330;1;59.9
14006;32;72.38
13007;5;65.95
14776;19;88.74
15380;33;53.1
13611;7;448.94
17539;4;574.79
13070;9;52.7
15921;3;253.1
12841;9;691.83
15151;13;786.34
14610;1;20.1
14381;5;96.01
16998;14;8
13840;8;114.98
14215;11;298.99
15755;11;580.12
17207;3;130.67
12675;2;450.77
13445;28;13.79
16666;7;41.65
18206;12;27.27
17665;36;28.75
14444;13;16.44
13674;6;73.39
14819;1;161.57
16875;7;516.08
16359;9;199.67
13508;9;45.22
14049;7;1950.01
14278;10;33.97
12738;13;43.45
15048;1;66.35
14653;6;611.02
13883;11;568.11
14112;9;447.31
14882;21;221.38
17542;4;83.54
17001;15;290.35
18083;6;147.3
13342;-2;7.05
15423;6;100.32
13113;6;911.92
16543;15;27.33
15652;5;364.27
16193;8;57.74
13946;51;95.51
16027;41;86.18
12406;25;166.47
16669;-1;1144.73
15486;40;2.55
13717;7;82
14716;3;85.05
17751;4;67.43
15257;5;159.9
14487;2;125.94
17210;4;72.94
12947;10;50.33
15091;7;96.89
15861;5;409.81
17419;10;353.55
13551;24;6.35
13010;26;21.41
14321;14;136.27
14550;7;136.06
13780;3;107.06
12615;11;565.73
17087;9;38.44
14925;-1;7.95
15924;6;53.46
15695;7;167.74
12844;1;204.21
17545;2;343.83
13614;3;313.64
16546;39;159.35
14384;10;5.85
15154;2;460.97
13448;7;2173.64
16755;5;372.72
17213;7;515.19
12678;52;735.04
17754;18;199.93
14988;5;428.89
13219;1;76.23
13989;19;50.47
12449;72;26.93
16299;7;38.45
15529;7;259.36
13823;8;645.87
14593;3;1324.35
17963;3;341.03
16133;21;1380.27
13053;2;52.75
17422;12;240.69
15363;10;91.79
14822;10;24.1
16362;8;37.67
13282;7;39.6
14052;1;216.25
15967;2;1331
17631;8;100.34
16549;2;4745.62
15197;19;81.25
12346;1;578.36
14427;11;386.42
15426;2;602.93
14656;1;422.92
17090;13;84.83
16196;6;14.85
18089;9;77.8
12887;7;61.65
15260;11;1085.27
15031;3;886.74
13491;8;665.03
17757;3;1682.67
17299;4;120.12
12721;7;369.98
14490;11;152.87
14865;38;2.2
14095;1;2.95
14324;9;126.21
17966;29;62.84
15094;5;15.25
16884;4;281.75
12784;8;263.12
13554;2;871.49
15635;2;37.7
15864;98;3.71
13929;28;180.95
18175;10;31.15
14928;10;38.83
15698;30;1.9
13388;12;126.3
17093;8;39.69
14699;9;93.36
15469;6;83.5
16239;29;40.6
16552;7;23.19
15303;6;221.08
12993;7;132.33
17760;8;145.94
14762;9;28.01
13222;30;2.95
14533;69;128.28
15532;2;1326.89
13992;15;15.6
17843;6;36.17
13763;69;94.51
17969;4;1060.05
17428;19;1321.23
15137;12;80.69
16136;16;15.23
15366;19;163.37
14596;1;192.78
16970;6;11.9
13056;8;90.74
13597;11;44.86
13431;10;321.37
18178;11;685.16
15741;5;48.44
14201;12;59.9
14430;10;173.1
15970;29;40.99
17096;7;665.6
15200;6;113.9
16638;8;134.32
13660;3;210.62
12890;3;120.24
17305;111;27.63
14264;7;354.58
14805;3;351.81
15034;6;1171.54
14035;7;261.07
15575;2;15.55
12724;12;219.66
16345;4;191.48
15409;4;37.8
13869;4;1665.22
17514;3;112.88
15638;41;101.4
14639;8;489.78
14868;12;129.82
16973;10;12.7
13162;24;434.26
16013;100;359.74
18181;2;419.03
14702;4;1368.89
17182;9;35.7
16641;8;47.55
17640;22;146.71
16242;4;1183.05
12392;10;35.25
15243;9;136.29
13703;0;233.92
15077;15;168.67
14307;10;396.9
15306;21;280.98
17849;4;173.72
15847;7;98.64
13766;8;35.26
17308;735;6.21
12996;5;126.1
14911;11;40282.4
18058;23;25.95
14370;5;345.24
15910;3;635.67
13600;12;56.45
15681;15;153.53
16518;6;131.3
15140;13;74.62
14204;2;518.87
12664;36;101.78
17726;6;223.33
13975;5;773.26
16285;1;92.6
13434;22;52.92
14745;12;201.62
17185;2;87.81
15515;18;20.12
17852;3;151.04
16853;-5;13.5
16119;15;125.96
14038;9;234.91
16348;11;44.88
14579;2;49.8
18061;31;271.66
15953;9;347.66
13872;5;265.99
14413;2;526
16521;4;606.44
16182;91;34.96
13102;12;738.65
15183;7;145.21
17062;5;216.13
17188;13;260.89
13706;6;111.69
17729;10;70.55
15246;6;54.8
18270;18;10.1
16016;2;521.11
15850;4;506.46
13540;5;177.52
14851;21;25.97
12770;41;71.98
15080;9;74.05
16856;9;48.43
17938;1;90.82
14310;10;51
17397;9;130.28
14685;9;668.79
17606;7;13.3
15684;5;70.3
16225;4;555.6
16524;4;182.55
18064;36;140.49
17065;6;40.6
14914;-3;1.95
15455;1;25.5
13374;7;102.75
14144;12;2.55
14748;8;261.13
13208;5;296.44
15518;6;660.23
15289;15;66.43
18273;60;2.55
16059;3;654.22
16288;2;61.05
17732;8;564.24
16733;9;34.54
17274;3;174.7
13042;4;638.93
17400;4;974.7
17941;171;10.92
15123;17;225.9
16401;10;334.91
15352;1;102.95
15893;288;1.06
16122;10;51.47
15956;15;36.9
15186;15;109.68
15727;7;1493.42
14957;4;56.15
17068;3;1809.92
17609;3;300.56
12876;12;238.38
13646;1;258.5
16736;7;640.18
17818;1;86.46
18276;12;196.42
13480;8;147.18
15561;16;170.76
16331;22;167.2
15020;4;89.41
16404;-1;12.75
16945;13;446.86
14854;12;226.18
14084;43;6.22
16165;2;39.95
17944;3;48.35
15999;24;0.85
13148;5;1774.3
17612;7;866.38
18153;11;23.74
12378;9;360.97
14688;10;400.22
16228;10;165.38
15458;24;8.7
15833;4;19.35
16822;12;46.68
14522;15;76.5
12982;7;575.97
13752;6;96.2
16062;10;324.54
17280;12;10.08
17821;27;16.91
15126;10;70.07
16948;19;57.86
15896;-1;1899.67
13586;1;81.04
16490;6;42.34
17157;15;383.9
14190;2;39.95
16271;7;367.33
15730;8;134.76
18156;1;163.99
12484;8;395.76
15564;10;8.87
16105;18;178.67
16825;20;105.54
16334;3;159.98
14794;4;335.67
17366;3;391.68
14024;4;102.69
13254;10;10.09
16168;14;991.65
14628;14;194.87
16493;14;135.38
17492;10;106.3
17034;8;79.35
13088;3;83.12
17160;12;690.36
16702;7;345.01
18242;16;112.43
16002;1;118.58
13692;19;97.39
14462;2;151.43
13526;30;55.2
17910;4;79.15
16377;285;2.63
14296;11;101.09
17369;1152;0.85
13360;12;305.61
14130;6;315.89
18036;2;668.09
12590;-1;7.9
15670;4;37.9
17578;5;232.64
14900;48;0.29
16496;15;97.93
17246;6;22.41
12424;19;139.08
16705;37;1545.991
15504;2;206.02
18245;11;613.07
14734;5;317.28
13964;9;77.68
13194;42;17.58
16274;2;286.6
17913;3;1240.92
13798;50;1164.56
17372;2;1356.17
15338;2;148.55
16108;9;301.59
16831;8;16.7
14568;13;92.97
17581;9;1327.74
14402;30;9.2
13632;7;286.14
16499;9;413.57
17040;8;1.69
12862;4;407.08
12696;11;212.15
13466;9;119.82
17790;4;217.62
14236;13;126.41
15006;1;244.12
17249;2;39.75
13758;16;788.94
14299;28;676.15
15298;12;579.43
17833;4;111.32
16834;16;34.22
16068;1;97.64
17292;8;71.77
14133;6;127.7
16960;3;729.03
15673;13;357.34
16502;5;174
18042;4;30.45
13363;10;114.54
15902;6;38.69
16277;1;149.99
13426;14;400.2
14966;7;296.93
18168;5;807.95
16628;6;33.6
13197;10;87.19
12656;9;408.47
17169;5;81.8
15736;11;356.78
17710;7;80.17
14737;25;112.39
13967;6;20.9
12490;13;662.74
14030;4;2463.57
15570;4;1756.14
15341;24;14.5
16340;3;368.09
14800;11;903.01
16111;3;229.11
14571;1;87.9
17378;0;21.9
13635;11;240.57
15945;12;105.22
17504;17;572.96
16174;18;73.4
17046;17;102.95
14634;15;264.46
13094;46;13.46
14405;50;3.9
13864;192;3.45
15404;20;27.51
16714;8;80.03
14468;13;63.47
14239;7;377.04
17172;26;33.67
13698;5;138.32
16008;13;566.35
18254;11;24.75
12928;15;181.9
17713;13;218.7
15779;2;66.84
14302;10;81.4
16383;3;960.86
16840;11;35.69
15613;25;46.18
17381;309;109.21
17922;6;37.05
15842;10;97.03
15072;12;18.35
14843;14;13.9
14136;10;315.28
13907;17;8.45
17049;6;1286.21
15447;6;93.83
16508;2;161.57
14677;9;33.18
18048;2;144.87
14906;0;203.86
17716;15;1031.77
16717;7;584.76
16280;6;60.9
16051;6;31.64
18257;7;456.25
17258;3;142.85
14740;9;537.41
13970;36;42.33
15281;10;1380.47
15115;5;43.63
14574;5;30.45
15885;4;438.42
16385;3;158.1
16926;1;635.71
17384;6;16.35
13804;10;82.24
13034;8;50.51
17925;72;3.39
15719;3;2324.35
17593;12;599.33
14408;37;41.63
14949;8;88.5
18134;4;137.7
15948;8;89.8
12868;9;109
17802;4;910.33
18260;12;1570.75
15782;51;41.14
16720;2;386.78
14783;14;44.77
15012;1;342.73
16323;32;5.19
13472;11;73.55
17261;2;113.34
16388;6;37.3
17928;20;6.1
17470;13;172.48
15387;16;43.3
15616;10;91.09
14846;13;31.77
13306;18;3.81
14617;9;25.77
14680;11;3219.81
17596;11;572.6
16220;-3;3.39
17138;8;891.36
12370;7;224.36
15221;5;390.35
18137;2;101.92
15991;6;41
13140;6;263.06
13910;-1;127.66
14514;7;638.18
15055;2;267.02
16054;7;565.4
17805;648;0.64
12974;3;111.96
15284;5;4.95
17264;2;132.45
15659;5;58.63
16932;1;217.04
15888;2;118.05
12808;7;93.85
17473;7;113.55
13578;14;17.73
14952;19;715.22
16600;14;184.44
17141;2;509.71
15493;1;1479.45
17682;9;292.9
15722;9;537.72
13412;5;163.85
14182;3;265.29
18140;7;122.77
16263;8;60.86
14016;12;947.05
16326;2;1068.43
17350;5;231.331
16809;4;229.75
17808;4;89.37
14786;16;7.04
13246;4;382.52
12476;10;1251.48
17476;6;217.09
17018;13;116.25
13080;5;57.75
15931;8;67.4
16477;10;260.08
18017;100;1.65
15390;11;147.51
14454;3;380.74
16686;2;1103.77
15224;11;56.99
15765;13;67.39
17685;22;157.35
15994;3;281.93
18226;14;1002.24
13684;2;206.39
12914;37;10.3
12748;4;10703.96
17353;104;22.5
15058;7;257.56
16369;10;189.75
17894;2;671.07
15599;12;63.34
16812;10;293.47
15828;4;336.24
15662;12;45.4
14122;5;73.98
14892;6;45.65
17021;20;139.49
12582;8;282.02
18020;3;63.5
16203;8;110.08
17230;14;645.48
18229;14;288.99
16266;8;227.91
16037;9;112.73
15496;4;58.09
12416;12;16.88
14726;4;37.85
17688;5;75.6
14560;26;506.93
17356;11;101.24
13020;6;139.76
16898;2;290.86
17897;3;724.4
16100;11;62.46
12854;6;504.7
18106;2;468.34
15164;2;690.23
17565;2;85.39
14394;9;15.6
15934;74;51.35
13624;33;75.03
15768;3;6277.08
17233;5;102.9
17774;4;1176.71
14998;1;251.43
14228;6;180.47
16692;363;2.1
13458;12;300.68
15602;13;231.03
14062;29;718.49
16901;1;140.89
17442;10;425.15
14832;0;920.01
16372;2;515.1
13292;5;133.89
16569;29;59.96
16206;6;599.77
13126;10;306.63
17568;4;98.98
13896;7;68.15
17110;2;150.9
18109;2;820.43
12356;21;261.38
15270;14;860.95
12960;19;144.12
17236;6;278.71
16040;7;254.85
16695;5;78.15
13564;6;3821.76
15874;10;1633.93
17445;-1;506.51
14334;12;281.74
16904;2;656.94
17113;4;724.28
14168;8;60.25
14938;17;239.57
18112;5;118.52
13398;4;68.55
15708;3;491.91
15542;1;665.08
17239;20;54.7
16781;4;242.95
17780;1;255.87
12691;7;37.55
16312;5;56.2
12525;6;284.46
14606;2;11247.37
17448;10;2415.5
16907;2;348.12
16146;9;28.7
13836;8;140.36
17989;9;65.62
14440;13;391.47
12359;7;562.78
18115;1;9.7
16575;-1;10.49
17116;8;72.13
15210;13;190.91
15980;42;150.46
17657;8;15.75
12900;10;47.02
15044;5;2576.11
14274;11;25
17325;12;111.21
16784;3;321.56
15814;17;77.47
12963;8;332.44
17783;3;67.4
12734;11;68.15
14108;14;41.2
13338;7;717.14
16452;11;33.49
14878;5;714.45
12568;9;31.17
16993;9;233.85
12797;6;170.07
17992;2;126.33
17660;3;106.34
15482;29;2172.54
18201;7;124.99
16661;3;257.97
12631;8;437.87
12402;8;207.9
13401;-1;1834.14
13942;1000;0.32
14712;13;30.65
13172;48;1.45
16252;0;134.2
14546;3;996.4
16086;10;302.64
16787;4;397.07
17328;14;11.3
13776;0;1588.13
17869;7;317.02
15920;2;197.91
13610;2;656.99
12840;11;150.96
14380;0;197.65
16455;16;347.67
13069;13;1370.36
15150;10;622.2
16996;7;124.24
17995;4;100.92
17663;9;762.54
14984;19;74.07
15754;14;414.03
16664;3;42
17205;60;23.25
13444;5;136
12903;12;93.59
16873;20;559.38
15588;24;24.15
14818;3;207.23
13278;12;120.31
12737;1;3710.5
16358;16;86.53
14048;3;178.56
17872;11;34.24
16192;18;22.92
16541;4;144.35
13112;0;13.47
15422;5;420.63
17540;10;110.05
13175;7;207.2
14486;15;11.7
15256;9;8
17749;5;133.26
18207;8;111.85
13945;8;171.85
12946;7;66.35
17208;4;45.84
15860;3;719.85
17875;3;72.38
14320;7;243.64
13009;30;7.8
12780;14;60.74
17417;4;43.64
13779;1;108.75
16876;5;63.55
13550;10;73.72
17085;3;2329.17
15694;11;402.21
12843;17;573.39
14154;11;740.99
16544;3;38.74
13613;7;234.35
14924;11;151.66
17543;4;45.2
13384;14;360.06
18084;2;32.35
17211;6;446.43
12677;7;90.95
14758;6;349.74
13988;5;179.18
14217;6;513.17
16298;4;118.45
15362;9;144.48
17961;2;1099.76
14051;16;493.45
13052;5;855.83
16132;16;76.95
13281;6;64.61
16421;3;254.29
16879;-1;140.96
12511;9;668.83
17420;8;99.9
18087;43;279.41
15196;3;105.15
13115;11;515.16
14426;11;1331.09
14655;20;186.86
13656;9;135.41
16547;4;58.32
15966;8;70.66
17629;8;130.45
12949;11;1639.56
15030;30;112.23
13490;3;75.25
15800;2;310.37
16756;8;225.37
14489;10;162.55
13719;5;585.91
14260;10;156.11
12720;9;493.68
17755;-3;34.37
15093;33;568.49
14864;-8;8
13553;2;330.65
13324;52;212.36
12554;9;99.43
14094;3;126.89
17423;19;25.55
15634;6;68.1
16424;15;26.75
17964;5;124.66
17091;7;815.47
17632;-1;12.7
14157;6;119.75
12388;11;134.64
18173;36;40.63
15468;21;159.94
13387;1;140.41
16238;14;4.85
14927;9;46.6
13158;9;43.99
17841;2;15617.09
14532;3;1118.06
13762;83;33.35
15302;6;91.45
12992;3;27.3
12451;17;361.07
16072;2;1996.51
17300;10;88.93
14761;6;41.91
13825;4;110.3
12826;12;178.37
14595;7;58.65
15365;10;358.88
14366;16;8.5
15906;3;412.05
13055;11;168.57
17967;1;157.28
16636;29;191.32
13659;8;787.61
14970;5;411.95
17635;10;206.69
14200;6;83.25
15199;13;159.2
12889;4;137.23
17177;1;98.55
14429;13;53.27
16344;15;81.02
15803;17;131.18
16845;8;68.86
12494;7;161.99
15574;2;437.22
13264;9;123.04
14263;10;37.74
14867;6;653.99
17512;28;174.29
15637;20;80.46
12557;95;54.23
13327;12;738
14097;8;87
18053;7;52.75
16178;12;51.93
13931;12;525.37
12932;16;197.23
14472;2;157.49
14701;3;848.93
17180;4;572.19
17721;9;45.91
15242;49;8.62
16639;7;129.67
18179;23;51.69
12391;4;828.01
16012;6;365.05
15471;4;196.13
13161;2;151.14
13702;14;11.89
17389;44;1173.81
14306;76;15.2
13765;17;67.681
14535;2;1581.18
17847;3;41.63
16075;6;202.79
15305;8;17.15
15076;8;138.78
16848;8;187.7
12766;11;431.13
15846;2;52.69
13599;17;412.07
12600;8;483.74
15680;11;588.5
14369;9;76.1
18056;10;25.85
17057;2;147.07
17515;3;573.52
12829;21;35.13
13370;7;166.19
13204;7;237.18
15514;12;306.06
16725;2;806.2
13433;7;112.42
12663;15;61.35
14744;19;450.71
13974;6;68.34
14203;5;86.34
16284;4;62.02
12434;6;68.12
13267;9;808.28
14037;5;169.86
15577;1;84.95
12497;101;114.84
17933;4;29.34
16118;60;136.36
14807;6;128.24
16347;5;869.99
17392;12;49.17
12872;4;976.52
13871;9;233.44
15182;9;352.752
13101;8;107.64
16519;4;117.22
14412;15;48.74
13642;1;129.04
17601;2;166.75
18268;10;210.39
12706;-1;91.89
13476;6;231.1
13705;11;291.35
15245;20;109.01
12935;10;423.5
15016;1;266.41
15786;12;662.59
14475;15;15.7
14080;2;699.64
15079;10;419.2
16854;13;188.64
13539;7;197
15849;-1;5876.34
14850;6;394.46
14309;13;195.05
17395;22;6.25
16396;3;20.4
15620;10;76.56
13310;9;74.58
17063;8;329.31
13373;13;665.06
18145;13;366.55
17604;3;326.04
15454;3;48.66
14913;13;353.5
15683;12;41.14
13144;2;9.25
16522;11;85.58
14684;1;172.05
16224;21;47.53
12437;13;1194.23
13748;21;74.47
18271;15;62.04
16287;33;72.14
15288;6;281.81
16731;2;77.33
13207;9;29.75
17730;17;174.78
13977;23;32.66
16058;9;6.7
16940;6;672.56
15892;1;104.98
13582;9;31.49
15122;8;545.35
16121;2;334.28
13041;9;133.87
14581;1;165.2
15351;4;451.89
16399;4;109.76
17066;5;48.92
13416;9;23.45
14415;4;2257.95
12875;528;2.67
18148;5;28.36
16608;5;415.37
15955;11;528.37
14186;14;153.06
14956;625;2.12
15726;5;111.28
17607;12;53.68
12709;30;1393.63
14790;19;189.33
17816;1;47.76
14249;8;1166.161
16330;2;193.15
15789;17;231.05
14020;5;182.53
13479;13;89.56
15560;7;26.44
17275;3;85.61
13313;12;267.25
13854;19;290.54
15623;10;336.7
15394;10;550.64
14083;3;212.12
16943;0;965.52
17484;24;32.81
14853;11;140.24
14624;12;92.91
12543;16;112.37
16402;1;149.75
15998;3;2446
17610;5;531.66
13688;26;22.75
18151;9;271.36
16611;8;403.51
12377;15;207.17
14687;15;85.32
16227;8;98.6
15228;10;352.02
17152;30;10.9
14458;6;62.98
14292;17;306.59
15291;16;901.83
17819;15;174.78
15062;10;290.75
17278;8;4.6
14521;10;48.1
16061;3;37.1
14896;3;712.19
13585;33;58.95
17487;4;48.5
16946;6;272.07
15125;17;549.56
14355;10;130.43
18028;33;11
15666;7;136.73
14126;13;60.27
17155;14;87.6
17696;14;595.55
12649;14;246.66
16614;5;155.35
18154;14;45.85
15729;2;39.15
14189;13;205.73
14564;11;421.29
16823;7;381.72
16104;4;798.24
17364;9;2069.23
13253;37;81.16
12483;15;563.36
15563;10;278.05
17822;7;474.78
14793;10;57.09
16167;20;317.43
13087;5;85.77
17032;6;1571.1
14627;8;96.2
13857;6;276.84
17490;9;113.65
15938;9;45.21
14398;5;207.73
16491;11;108.89
18031;4;119.37
12921;13;2048.48
16700;12;518.43
15002;6;720.95
14461;4;1578.3
17158;7;198.49
15231;10;33.22
17699;10;62.45
16001;7;100.21
15772;6;72.32
13691;2;113.61
12755;14;216.76
14295;13;246.6
17908;2;674.02
15606;10;278.93
15065;5;52.89
17035;19;18.99
16210;41;675.5
17576;5;1750.69
12589;6;2688.77
14129;14;122.53
13359;5;203.55
14899;4;518.54
18034;3;191.68
17244;9;245.31
16703;-1;15
15503;1;107.61
16273;2;123.94
13963;11;561.82
12423;11;125.89
16044;8;57.44
17702;8;254.01
14733;18;563.77
18243;8;82.13
15878;4;111.83
16912;9;342.56
13027;399;115.84
13797;7;298.55
15337;8;95.83
15712;6;458.8
16580;-1;5
14401;21;232.9
15941;2;62.3
12861;6;24
17579;2;198.85
17038;12;104.21
15005;3;3593.09
15775;96;0.57
12695;7;188.51
15546;5;98.1
18246;48;3.39
13465;17;78.73
14235;15;157.56
16316;10;523.37
16150;7;454.85
14839;12;172.59
14069;1;175.97
16915;3;512.75
13299;6;291.32
12529;8;68.56
17456;8;200.23
15984;8;1201.53
16583;8;42.9
15443;3;749.19
17582;5;327.36
18123;1;85.9
13133;4;25.35
14673;11;193.56
13903;10;31.8
14507;5;621.87
16792;3;221.98
16047;1;107.14
15818;25;20.17
15277;12;30.51
12967;13;295.96
14341;10;350.52
16918;4;747.87
13571;4;705.65
15111;6;285.06
18000;18;12.11
12801;9;269.82
13405;35;72.77
17127;9;151.94
14175;7;994.41
16586;12;100.79
15715;6;155.36
16256;63;86.45
12635;9;218.05
14945;14;17.05
15549;5;184.32
17794;6;30.95
16795;3;748.87
16090;3;94.33
12469;33;227.97
13239;11;232
17336;48;1.69
14009;18;50.94
14613;72;1.06
15383;-1;10.5
16153;18;349.7
13073;9;95.98
17004;17;62.13
13843;8;70.5
18003;11;48.16
18212;5;63.55
17130;-1;18.38
12907;5;150.41
15217;6;104.02
13677;2;375.02
14447;9;95.59
15987;2;114.49
17671;10;141.63
15051;13;383.9
17880;8;56.65
16798;1;730.01
13511;8;70.44
12741;13;195.53
17339;2;20.9
14281;6;47
18006;4;163.41
14115;23;48.23
16466;5;826.63
12575;8;135.67
17007;8;64.44
14885;32;30.52
17548;8;60.76
15489;9;240.92
13179;10;70.84
18215;13;234.2
16259;1;255.45
17216;1;42.85
12409;47;477.63
16675;12;63.97
17674;31;7.24
12472;10;1556.93
13013;12;1003.95
17342;12;258.06
13783;343;5.59
15323;3;145.95
17883;3;156.73
14553;3;369.4
18092;73;177.58
15157;39;37.34
15927;4;56.42
13617;4;264.01
16469;3;86.06
12847;17;44.67
14221;10;530.18
12681;11;2414.33
17677;27;1229.1
18218;27;30.13
13451;5;1223.01
15761;6;36.45
14991;9;85.31
17219;3;37.66
16887;4;179.74
17345;11;259.28
16365;7;350.68
14055;21;95.17
17886;3;322.71
13285;9;140.08
14825;9;473.86
12744;14;372.51
15595;36;8.8
12349;9;899.49
13119;10;16.65
13889;10;223.07
16199;32;33.4
17013;-1;3224.76
18095;44;58.2
12578;19;182.58
16555;0;198.44
17222;8;261.99
17763;0;61.75
14493;7;701.51
13723;11;166.23
16681;17;10.52
12412;16;171.87
12953;9;130.36
16033;2;909.68
18221;8;70.32
14327;12;203.1
13557;12;329.11
15867;5;2014.54
17889;3;293.48
16890;12;36.94
15097;2;154.37
12787;9;61.13
16558;8;1119.96
17557;4;8.5
14161;5;516.96
12621;20;1038.81
17099;7;127.12
12850;100;3.3
18098;2;311.48
13225;42;266.01
12455;8;603.11
13995;9;377.73
13454;8;34.19
17225;7;16.3
16767;25;125.33
15535;2;286.73
17766;7;63.02
16139;10;72.26
15369;17;199.79
13288;31;70.58
13059;4;866.52
16435;4;525.36
14599;3;196.14
17975;3;702.85
13829;12;8.5
16893;1;213.39
15203;12;287.29
13663;9;354.88
18101;2;219.75
13892;238;4.93
17643;7;107.25
14433;1;191.1
15973;17;56.46
12352;10;54.6
14267;-1;19.9
12956;13;42.29
13497;8;161.53
17769;4;901.39
15807;26;115.17
17311;23;177.79
12727;11;219.08
16770;3;573.78
15037;6;106.93
14871;2;373.93
17978;19;221.53
15641;14;391.82
14101;64;86.27
17437;5;186.66
16979;13;146.11
12790;7;100.18
13331;4;142.15
13394;11;660.02
17646;6;853.58
18187;5;269.55
13935;28;315.14
12395;16;290.65
16647;13;64.95
13165;51;7.01
15309;6;207.49
17314;8;406.05
16773;2;163.57
13769;9;484.29
13998;6;148.85
12458;10;168.65
17855;11;30.02
14602;2;110.32
16441;4;207.56
15913;3;2.1
17981;15;27.23
13832;7;141.64
15143;10;54.47
13666;1;29.25
17191;4;1034.08
12896;-5;5.95
14977;4;9.84
18190;12;61.46
15747;6;299.58
14207;18;8.9
14436;84;2.31
17649;6;181.81
16650;15;171.45
15581;4;3100.29
16351;10;384.64
17858;14;1241.72
16859;18;117.14
12730;4;231.05
13500;11;66.67
14811;2;79.95
16985;10;1854.2
13875;10;700.63
17526;15;480.6
13334;6;644.14
14645;8;75.95
14104;3;284.63
16185;6;25.67
14874;24;7.18
13105;100;0.72
16527;9;209.49
14479;3;389.32
16019;19;1004.99
13709;8;262.15
12939;139;110.43
15249;8;564.24
13168;4;172.69
17194;9;108.96
17735;11;728.16
14708;35;135.66
18193;14;144.26
17861;7;755.94
16862;14;82.56
13543;7;216.19
13772;2;1246.1
14313;-1;302.31
12773;0;24.22
17403;5;70.29
13002;8;52.52
12836;4;1179.34
18070;8;40.75
17529;9;305.46
16530;5;17.65
17071;9;281.25
14376;2;70.74
13377;9;482.48
14147;27;85.13
14917;30;64.75
14980;3;83.7
14751;9;18.45
13211;6;249.32
15521;12;722.59
14210;7;823.18
12670;10;127.21
12441;11;40.71
16291;1;117.72
17738;12;308.57
16739;8;85.09
18279;48;7.12
13440;7;230.1
13981;10;78.45
17406;8;435.04
16125;6;1043.04
15584;1;330.42
14044;2;1608.23
13815;15;557.35
12504;33;44.6
14814;3;81.47
13045;6;104.33
16407;6;215.47
14585;6;147.38
13274;10;71.45
16865;9;25.37
14648;7;982.84
15959;3;295.81
15418;3;147.43
13878;6;306.04
17074;4;41.2
13649;7;384.57
15189;25;100.11
17615;5;127.81
13108;21;49.56
14419;3;70.2
15793;62;39.87
16742;24;216.75
15023;4;1847.67
15252;11;228.82
13712;33;79.44
14253;7;70.75
17741;19;6.8
14482;10;299.27
17283;11;35.23
12942;4;87.55
15856;18;1118.33
14087;2;334.36
16410;69;3.98
17409;43;268.05
13317;8;931.941
17950;3;365.62
13546;4;129.01
12776;11;30.12
14857;10;449.151
15086;8;31.74
14316;140;27.55
15627;14;39.25
12547;13;40.07
15461;45;29.44
13921;4;247.1
17618;4;1049.5
16619;9;374
13151;4;549.27
16231;5;226.35
17077;36;8.5
14920;9;128.33
13380;16;3.95
14525;10;639.43
13984;9;149.68
14754;5;271.81
13214;12;436.56
18285;12;100.2
15295;2;104.82
17827;4;117.02
15524;3;82.2
16294;6;21.75
16065;3;773.13
17286;5;93.42
16128;14;218.78
13589;5;227.34
15358;14;1150.35
16954;19;375.39
13048;10;279.8
15129;17;264.46
15899;9;16.5
14588;3;44.79
17953;4;73.59
12819;18;63.35
13818;12;6.72
17495;4;116.64
16413;3;113.34
18162;7;88.6
14422;9;1025.8
15192;13;143.72
17163;18;27.36
13652;10;244.84
16622;2;81.4
14963;3;646.1
12653;17;125.18
15962;4;93.52
13423;11;26.78
17621;14;151.48
14193;9;56.55
15796;5;728.66
12487;48;4.85
16748;12;174.7
14256;8;365.74
17289;4;397.24
14797;6;66.73
15026;4;164.64
13257;3;73.15
13091;-15;1377.49
16416;13;281.66
15630;9;45
18039;3;355.51
15401;6;64.8
13861;9;68.34
14631;15;144.57
13320;9;79.15
13154;10;317.44
17707;20;35.9
17624;8;155
14465;30;149.42
14694;12;41.08
12925;21;1.89
13695;31;7.44
16234;10;48.42
16625;11;169.29
16005;3;661.52
15235;9;125.87
17209;18;104.25
15527;5;749.78
13217;250;0.53
12676;18;279.24
13987;10;88.33
16131;20;449.6
12510;13;3238.14
13821;2;554.45
16419;6;134.07
13051;18;21.45
17959;24;42.05
15361;12;90.85
17418;19;15.26
15965;3;635.27
14425;7;136.68
13114;4;89.54
17627;61;22.44
18085;7;142.35
13655;9;223.81
16545;48;10.16
12948;24;14.78
17753;1;205.84
16754;328;268.63
15029;21;30.17
15799;6;127.54
16422;84;781.41
17421;13;105.51
15633;10;633.48
17962;3;356.5
12782;6;521.18
12553;7;228.41
18171;13;240.03
16631;9;338.84
13157;20;302.96
13386;16;71.14
13927;10;65.19
16237;8;28.9
17089;8;15.4
12387;14;24.86
12616;9;85.9
13761;8;142.43
16071;9;121.63
17298;11;62.72
13220;6;129.5
15301;11;414.73
12450;9;77.54
14531;8;71.48
16757;12;16.91
12991;5;110.49
17965;5;1674.01
13054;-1;14
14365;10;100.08
13595;2;465.05
13824;11;181.35
12825;5;147.74
15135;3;65.29
15905;3;60.89
14969;51;42.11
13658;8;591.17
16634;4;458.81
18174;30;1.95
14199;11;91.7
17633;8;131.05
16843;37;510.88
15573;3;316.62
17301;1;95.95
17842;4;104.09
14033;576;0.19
13263;2;701.24
16343;5;125.58
13097;4;2921.12
18051;28;113.36
14637;14;10.12
16177;8;447.76
16511;2;486.62
17510;13;23.44
13326;10;37.89
16011;5;721.66
12931;138;349.05
17178;3;168.39
14471;4;129.21
18177;20;50.13
15241;20;99.84
13701;7;21.9
15845;3;244.9
13764;6;409.82
12765;14;180.33
16846;10;98.31
17845;4;217.67
13535;10;8.95
14909;10;252.67
13598;5;149.64
16514;-1;134.86
12599;17;183.34
14139;12;98.3
17513;15;41.95
17055;2;92
18054;8;27.15
13369;10;91.62
16723;6;243.56
13203;14;194.51
15513;19;1572.4
16283;3;1028.7
14202;5;245.18
17181;34;62.3
12662;8;632.55
13432;1;253.58
14743;13;3.99
12433;21;728.66
17722;12;273.01
13807;4;199.65
13037;8;677.74
14577;3;167.09
13266;18;205.73
17931;5;799.98
12496;2;28.02
16117;3;149.99
16391;2;757.43
14806;10;18.54
15347;14;113.95
17390;4;32.25
13641;21;193.67
15181;15;24.04
14640;6;331.42
13870;16;202.22
18057;6;416.32
13100;-1;1598.67
17599;1;22.95
12871;40;27.34
15951;5;87.3
12705;11;652.48
12934;15;83.34
15785;18;389.51
15015;5;676.93
14474;3;355.49
16726;4;236.67
18266;9;29.1
15078;10;1105.18
14849;16;849.16
12539;10;763.48
14079;1;243.63
13538;6;434.97
14308;0;3143.49
17393;4;138.5
12768;0;60.16
16935;3;143.88
17934;7;54.7
13309;16;20.93
12373;8;171.85
14912;20;1220.31
14142;10;118.51
17602;4;776.53
13143;8;65.7
14683;18;24.55
13913;3;30.39
16223;5;341.6
13206;11;1146.68
15287;36;29.54
16057;4;470.73
17270;8;135.34
13976;6;225.12
17811;3;832.02
12977;2;302.82
14746;44;13.75
13747;12;23.45
18269;10;22.15
16938;4;1525.16
17479;14;35.94
16397;4;53.94
14580;3;4.95
12811;8;116
13581;3;48.39
15350;9;73.15
14955;2;81.42
13415;3;285.25
15184;11;56.01
17147;6;360.46
12645;11;230.5
12874;12;148.97
17605;5;28.75
16606;6;97.63
14414;17;123.35
16329;7;260.79
12708;7;656.64
13478;8;532.78
13249;58;15.83
15559;8;230.6
16815;3;189.1
15788;7;70.36
14248;15;94.87
17273;11;20.9
17814;9;360.02
15018;4;36.5
16163;7;421.15
15393;7;128.64
15622;9;832.19
14852;15;323.33
16941;6;5.5
12542;11;141.74
14623;3;433.84
17482;4;234.39
18023;-1;3248.86
13312;8;17.85
13083;30;2.54
14082;3;73.59
13916;8;384.87
12917;19;188.55
15456;12;364.1
17150;4;464.79
14686;2;534.62
18149;7;190.47
15227;7;268.8
15997;-12;1.95
17691;6;110.5
13687;1937;6.81
12376;18;104.4
16226;14;41.35
15061;87;1319.78
12980;29;510.96
14291;13;577.37
17359;3;69.9
15290;23;151.5
13750;15;192.62
16060;10;108.05
12751;3;113.71
17817;2;245.7
17485;-1;22.1
14895;14;2143.2
17027;7;222.44
13584;3;103.57
15124;14;64.49
15665;6;381.87
16486;3;47.89
18026;31;87.54
15894;3;75.87
16612;8;345.05
14958;4;163.04
12648;7;177.27
13418;14;756.38
15499;1;120.4
14729;2;277.57
17694;19;96.63
16269;10;124.02
13959;4;187.35
15728;11;49.6
12419;9;126.09
15562;15;70.58
16103;12;533.6
17362;3;337.91
13793;7;13.55
12482;130;3823.63
13252;5;110.1
14563;2;477.42
16332;6;143.76
13023;8;212.83
14022;10;47.52
17903;3;146.69
16821;1;71.65
14626;15;276.03
16166;6;103.94
12857;14;254.1
15167;2;897.85
13856;13;208.83
18029;14;31.3
13627;9;120.84
15396;78;6.7
17571;2;127.39
16489;6;44.8
13086;3;184.93
14460;28;47.01
12920;9;77.5
15771;18;93.39
13461;50;91.48
17156;9;87.12
18238;8;40.54
14231;10;38.93
15001;1;200.35
15605;5;220.87
15064;10;320
17365;9;642.69
13295;9;139.01
14835;59;5.25
16375;5;22.25
15834;7;369.44
14294;8;76.97
14065;11;181.74
16824;11;32.1
14669;5;592.3
14898;6;628.67
15439;10;155.65
12588;10;244.42
16209;34;85.26
13129;26;20.46
14128;12;38.8
16492;10;58.76
17033;10;65.4
17700;9;836.34
16701;34;281.63
13733;11;82.97
14732;6;635.66
12422;16;2717.87
13192;10;317.91
17242;19;94.38
18241;7;179.8
15502;9;733.3
15273;216;1.06
16043;14;126.5
13962;6;58.85
17909;4;48.05
14337;-10;95.88
13026;19;67.15
17368;7;421.06
14566;133;20.2
13567;3;526.18
13796;9;50.55
15107;5;199.8
15336;5;74.4
14171;7;19.54
12860;1;43.37
15711;7;84.45
17577;8;51.9
14400;24;84.97
16578;12;13.05
14941;11;16.4
15170;8;12.7
15940;-4;7.95
17036;6;59.15
18118;1;675.11
16704;7;159.63
17245;14;21.09
15774;4;434.46
13464;9;434.29
16315;7;37.47
18244;45;28.39
12694;17;98.87
14775;19;23.01
15545;2;92.47
14838;5;218.34
17454;7;217.23
14068;4;407.41
14609;329;2.96
16913;14;50.53
13839;3;39.45
16149;24;8.76
15608;12;93.68
15379;10;196.08
17912;2;36.61
12362;1;130
15983;7;428.43
13902;3255;81.25
16212;8;129.08
14672;4;121.63
17122;12;37.92
17580;2;157.94
14443;9;151.41
13736;2;1020.19
14277;1;765.23
17789;8;41.6
14506;2;610.62
16046;11;55.51
15817;10;455.16
17248;1;130.99
15276;1;360.53
17998;9;222.94
17457;34;143.35
12800;8;130.46
15651;14;55.18
16458;6;429.21
15110;5;136.9
16916;2;319.94
15880;1;229.12
15485;15;351.07
14715;7;225.36
16255;4;889.98
14944;14;522.03
16584;20;154.49
12634;16;155.55
15714;12;34.89
17666;36;47.04
18124;2;62.7
14549;2;240.98
12468;14;317.73
15548;2;74.64
13238;9;43.75
16089;2;160.29
17792;2;180.07
14008;9;70.71
17334;12;62.57
18001;6;159.01
15382;15;786.33
17460;6;423.14
16461;4;562.08
13842;7;648.14
17002;16;113.34
14612;9;98.4
15923;5;59.11
14987;36;44.9
16670;7;814.55
13676;3;63.85
15216;8;84.21
17669;20;177.54
15757;8;587.69
15986;9;23.5
14446;3;61.88
18210;10;25.35
13510;8;671.85
14821;6;205.84
15591;8;31.95
15050;18;211.76
17878;10;119.87
16195;7;53.3
14884;9;15
15425;7;452.07
17005;37;44.56
14114;9;183.48
17546;-1;648.05
13948;9;78.54
16029;111;722.23
13178;12;830.89
16673;5;56.29
15259;11;464.96
17672;11;511.39
16258;19;509.34
15488;19;19.38
12408;13;175.55
14718;18;21.72
13782;2;517.5
17340;13;1430.12
15863;2;177.64
13012;10;197.09
14552;1;209.33
16092;13;85.3
15322;13;176.89
16550;7;1608.1
13616;4;110.5
15697;9;48.25
12846;1;15.58
15926;22;7.26
18090;5;101.92
17008;24;3.39
16301;6;19.94
14990;3;99.86
15760;0;33628.55
14220;11;76.75
17217;3;52.6
13450;30;112.59
17758;9;312.07
16676;6;247.26
17884;5;838.33
17426;11;511.91
14824;10;344.6
12514;12;59.3
16135;10;63.4
16885;4;94.03
15428;6;197.66
16553;55;424.75
18093;81;51.23
17552;12;301.03
13888;4;579.26
15969;6;103.03
13118;6;360.41
16198;14;62.66
12348;18;14.39
17094;15;7.1
17220;3;464.26
13722;15;383.35
14492;6;467.11
16032;6;449.18
15262;9;40.64
16888;2;222.63
16430;9;119.92
12786;18;55.8
14326;9;160.28
13556;14;18.59
17429;11;131.84
16556;8;1640.92
14160;43;269.62
17638;144;5.85
14930;6;887.61
18096;2;518.77
17097;2;235.49
16241;2;880.34
17764;3;265.89
15534;7;29.9
16304;9;69.01
12454;53;363.26
17306;376;4.78
16765;6;132.7
17432;3;569.18
16138;20;156.25
14598;0;108.18
16974;8;42.5
16433;6;37.9
15368;44;25.65
17641;-1;6.95
13662;6;386.79
15972;3;747.8
18182;16;22.98
15202;0;14573.16
12892;7;59.58
16559;4;68.15
16642;12;50.65
17850;8;7737.3
16768;4;421.9
17309;6;87.65
12726;26;130.02
14266;24;1.69
16436;5;99.18
15640;19;835.95
14870;6;308.55
16977;5;147.6
13330;18;159.04
17518;3;184.05
17976;1;229.58
16645;8;33.34
17103;14;53.98
12623;11;501.99
13164;9;75.44
17644;9;601.14
14704;1;159.81
15474;2;87.62
16244;9;165.89
13768;8;198.34
17853;5;440.42
16771;5;494.58
16078;4;78.24
14538;3;336.92
12998;18;95.76
12457;9;168.28
15912;7;221.65
16439;8;42.05
14372;9;174.62
18062;14;98.9
13602;7;120.52
15142;15;240.95
17521;8;124.55
16980;10;55.18
17189;6;142.07
17647;10;25.85
18188;11;157.28
16648;12;45.69
14206;12;134.62
12666;11;119.25
14040;6;2126.45
15580;3;646.56
12500;7;366.66
16350;7;288.73
17315;4;942.19
16857;15;28.65
14810;3;180.71
13270;200;2.95
18065;7;853.14
16525;38;617.34
14644;11;289.92
13874;12;178.53
13104;33;21.95
17524;5;82.35
16983;11;384.3
12563;8;50.98
14478;18;150.29
16018;11;47.42
16651;10;17.6
15248;9;347.27
17192;2;63.27
18191;24;16.5
13167;13;43.81
13001;11;1725.42
13542;2;1899.18
15082;7;13.45
16860;14;242.35
17401;2;53.15
15852;1;83.8
14312;9;413.28
12835;3;2266.76
17069;11;384.64
14146;13;750.51
12606;1;21
14916;20;156.95
13605;8;102.19
15686;72;1.25
14750;2;84.3
12440;8;189.79
13980;5;231.85
17195;15;49.49
16290;7;686.94
16737;288;1.45
13439;6;252.23
18277;6;351.29
13044;5;1299.18
16124;10;282.32
17404;184;186.9
17945;3;146.21
14584;4;254.31
15354;0;663.6
12503;280;231.6
13814;15;75.7
16863;11;59.37
13648;8;350.08
18071;9;175.44
13107;23;263.21
15188;10;59.91
13877;16;55.18
17072;9;38.32
15958;1;211.69
16531;14;172.98
13711;7;419.88
12941;14;44.44
17739;14;416.61
12712;8;641.2
15022;5;52.15
17281;49;16.9
15792;10;138.91
13482;7;27.55
16740;3;89.36
18280;6;86.7
14252;11;126.33
13545;4;152.69
14315;9;116.73
13316;161;227.16
16408;5;66.45
14086;1;39.95
17407;18;52.9
15626;11;57.07
12775;13;51.85
17075;4;486.52
12609;7;497.45
12380;12;3921.94
13150;18;70.42
18157;5;92.98
13920;20;239.59
17616;96;5.1
14690;3;182.7
13983;11;560
12443;8;123.28
17825;19;65.18
16064;3;47.65
18283;1;498.82
16743;9;269.36
13213;13;297.68
13754;11;30.85
17284;8;827.8
14524;4;380.87
15294;5;64.75
13047;8;1281.51
16952;3;228.09
15898;2;2240.13
14358;12;55.55
16411;2;337.96
15128;11;49.61
17951;21;42.27
17493;7;23.19
16620;12;187.97
14421;13;185.58
15732;12;216.14
14962;8;38.89
17161;10;132.43
12652;10;15
18160;8;74.21
13651;3;79.4
14192;15;23.44
17287;4;1306.9
13485;10;529.61
15566;12;25.73
14796;3;954.95
16336;21;250.16
14026;8;119.68
15025;4;249.24
14255;0;3442.86
12486;10;201.08
16829;7;73.1
16955;16;102.35
18037;1;85.15
16497;8;845.28
13319;9;1910.48
17496;9;272.83
12549;27;80.79
16170;13;599.26
15400;18;53.75
14859;27;22.37
13090;8;611.31
14630;5;107.2
13694;127;1798.38
12924;20;95.3
16004;11;276.31
14464;15;14.75
17705;19;29.8
16623;8;165.05
18163;11;161.98
14693;5;245.61
12758;17;549.09
14527;2;9625.22
15838;818;74.23
14298;34;2068.19
12987;9;154.88
13528;-16;2.5
13757;6;27.77
17373;9;50.94
15068;4;244.23
16832;16;18.49
13591;8;211.43
15672;3;20.65
12821;13;16.29
17041;6;144.19
14361;17;37.94
17499;11;141.72
14902;12;110.49
16500;10;64.1
12592;23;2247.88
13362;8;442.2
15131;12;14.56
16709;10;964.58
12426;6;178.72
14195;81;17.27
13196;9;259.8
16276;52;56.87
13425;12;263.59
15506;7;230.41
14736;1;301.83
17167;5;247.29
13966;35;34.17
12655;5;87.85
17708;7;130.09
13800;14;110.84
14799;34;34.15
13259;1;803.7
15569;9;275.33
16835;5;334.71
15340;10;11.1
17376;5;86.38
16110;1;354.73
14570;8;125.71
13030;3;187.72
13093;23;2716.76
15944;25;114.45
17044;34;567.22
13634;4;1129.25
15403;61;3.32
14404;7;374.07
13863;6;271.04
12864;57;2.76
16503;7;522.84
17585;4;420.77
15174;10;66.83
18043;2;191.07
13468;7;1905.92
14467;4;482.29
14238;15;24.64
18252;16;169.51
15008;125;3.6
12698;6;81.6
16007;4;547.62
15778;5;78.65
12927;13;31.14
16712;4;269.42
17920;9;2981.44
13531;6;312.41
15841;31;108.34
14072;3;122.1
14301;24;143.8
16921;3;167.89
15071;5;132.64
16382;3;186.01
13302;3;31.7
12761;10;118.65
15446;2;244.34
14905;11;150.01
14135;44;216.49
17047;8;263.74
13136;8;636.11
17588;13;223.31
13365;-1;26.9
14676;65;157.52
12366;98;5.07
12595;14;60.62
16589;15;14.03
13906;100;0.42
15675;6;52
17797;3;461.87
13740;7;282.9
14739;32;522.19
12970;3;497.26
13199;65;197.75
13969;4;1184.33
14510;10;165.12
16050;10;23.6
15509;2;115.94
17256;10;28.19
16279;10;644.32
15280;7;89.13
12429;21;225.14
16715;59;11.19
18255;9;25.36
17465;10;445.95
15884;9;37.26
14573;1;679.44
13803;11;165.93
14344;6;570.66
17923;45;6.3
12804;4;135.16
13574;3;214.6
15114;12;111.85
13033;7;4.05
13408;35;1017.982
16592;11;495.37
12867;6;742.73
17591;1;413.4
17050;19;672.53
12638;9;62
17133;174;65.79
15718;5;90.92
18132;3;132.21
15177;18;98.36
16718;10;437
13242;10;42.9
14241;48;2.5
17259;3;565.36
12701;11;274.19
15552;8;36.1
15011;14;41.57
15615;13;1233.25
16156;12;327.11
18009;3;630.71
13305;9;451.13
14845;600;0.25
14616;33;5.8
14075;19;106.43
13076;4;35.85
13846;12;61.77
16386;8;148.96
17468;22;2.55
13680;7;1326.78
14679;11;214.92
16595;2;813.29
15990;5;349.51
17136;18;39.26
12369;13;292.85
13139;23;235.83
18135;20;63.01
12910;30;108.95
14450;7;112.83
17594;15;130.8
13909;7;136.73
16219;48;0.85
17262;38;50.32
13514;14;86.15
14284;9;122.28
16053;11;433.1
14513;33;13.84
15824;18;67.33
15283;2;64.49
12973;5;170.25
17803;3;69.71
14347;8;16.4
15658;5;384.45
13577;9;315.65
18012;4;88.54
15117;22;95.1
16472;6;273.91
15887;16;100.07
17471;8;53.3
14118;6;78.3
12807;6;144.65
13952;16;1009.13
17139;14;1136.78
16262;9;144.29
14181;2;143.35
17680;5;115.5
14722;1;223.45
15326;7;407.5
15555;5;1917.9
16325;18;309.94
13786;12;911.38
14556;1;559.99
16807;8;196.17
16096;10;307.76
17348;5;438.43
13245;8;81.59
12475;9;82.84
16159;10;148.16
15389;708;4.59
13849;7;511.51
17016;7;154.51
17474;33;36.05
13620;14;12.52
14619;11;132.75
15160;11;51.82
14390;3;746.48
13079;8;27.69
12913;39;151.11
16684;110;1263.27
15223;12;57.5
17142;3;303.85
14994;1;703.62
17683;16;96.75
14224;2;516.45
15764;12;185.18
13683;18;17.3
15057;15;149.83
15827;6;717.62
14828;88;142.82
12747;9;716.11
17351;6;231.75
14058;8;86.28
15598;11;43.03
16368;2;72.34
16810;11;103.1
16202;10;443.96
17019;3;961.31
14662;3;236.31
17560;32;38.47
15661;13;114.09
15432;3;61.34
14891;9;71.48
18018;0;41.39
15266;5;230.81
17228;6;291.76
14496;8;482.81
16036;7;341.3
14725;13;86.81
17686;7;526.29
12415;66;652.02
18227;0;590
16265;7;475.85
15495;9;39.35
16687;17;16.02
13955;2;156.63
13019;6;248.94
15329;5;553.95
15100;11;134.6
16099;16;59.79
14330;7;33.99
16896;1;103.95
15870;2;282.03
17354;17;187.44
14559;36;2.1
13789;14;18.64
13623;3;748.86
12853;11;276.75
17563;6;94.07
15704;7;294.39
16564;8;16.45
14934;2;631.19
17022;8;33.65
13457;8;17.34
15767;-5;50.95
17231;2;2131.78
16308;2666;0.96
14227;10;490.23
15538;29;422.1
14997;24;10.96
18230;12;134.09
12687;11;564.93
16690;10;19.85
17772;1;162.2
15601;13;1074.98
14061;7;164.44
14831;9;313.26
13291;4;960.79
15372;103;86.57
17898;2;79.52
17440;36;3.81
16371;9;40.55
16899;5;146.62
13895;10;442.86
17108;3;47.25
12355;13;52.78
14665;9;116.3
15976;2;772.59
16205;9;235.51
13125;2;100.98
18107;1;126.01
NULL;0;840616.41
15810;9;201.61
12959;12;48
13729;9;162.17
16039;12;62.3
15040;1;7.49
14499;5;294.7
16776;3;91.24
15269;10;101.08
17984;4;464.56
16444;5;734.32
15873;64;2.73
12793;8;112.05
16570;16;980.44
13397;16;288.79
14167;2;268.3
15478;12;71.01
18110;2;82.53
17111;15;24.31
14771;12;59.19
16779;19;1543.56
15312;10;348.13
16082;2;66.3
17320;7;455.21
17778;21;23.5
13231;-1;355.2
14001;12;238.3
14605;3;376.52
15916;5;719.92
15375;14;6.88
16447;2;253.71
13835;3;107.3
16145;11;615.65
13065;6;269.17
17987;3;358.29
16988;8;65.3
16656;79;148.8
15750;7;1103.951
15209;7;45.29
14439;17;478.05
18196;4;284.6
15979;20;28.25
17655;14;112.28
13669;31;6.25
12899;6;86.15
17323;4;161.63
16782;2;4991.07
12733;5;508.91
13503;4;656.94
16354;4;265.22
15043;14;166.45
17864;7;78.28
14107;14;327.54
17990;12;78.6
16450;13;138.93
12567;9;817.93
14877;2;206.55
13337;10;304.99
16991;10;169.05
17532;7;10.47
16188;6;36.5
15647;11;18.6
13941;49;171.7
18199;4;103.25
17200;14;53.73
16251;2;60.62
15481;38;65.76
17867;1;438.48
16085;3;643.3
14545;10;94.94
16868;2;227.86
13775;7;196.88
17326;1;270.53
13005;9;126.07
12839;10;628.34
15149;5;374.42
16994;-1;779.32
13609;2;92.35
14379;5;328.24
18076;20;18.76
15919;4;142.94
14983;3;77.1
13443;3;582.58
14213;0;48.9
12673;10;96.35
16662;1;140.3
17203;14;257.08
17744;27;17.28
17412;10;981.93
14817;10;736.58
14047;9;555.82
12507;12;99.1
13277;13;18.95
15587;43;14.37
17870;158;7.65
16357;11;24.92
15421;5;696.26
16191;56;347
13111;15;23.66
14651;2;600.41
13881;67;833.16
16539;7;647.95
17080;16;87.31
18079;106;12.22
15255;11;434.13
12404;1;63.24
12945;10;75.58
13715;10;1025.71
12779;10;341.57
14319;12;58.42
15859;7;108.64
13549;12;7.3
16874;2;110.82
17083;18;182.13
12613;13;554.59
15693;30;1.25
13383;288;1.06
17541;1;109.37
14153;18;15.43
16542;10;20.65
12905;9;198.68
14986;3;230.75
13446;10;627.55
16668;13;85.12
17667;9;347.6
15215;2;518.68
18208;4;141.89
15985;24;120.85
17126;3;511.7
14445;2;86.95
14216;5;91.02
14820;13;164.47
14279;15;13.59
17335;5;122.23
17876;489;6.99
15819;11;257.44
13280;7;422.45
16794;2;437.84
15590;9;219.96
13509;21;6.25
12739;9;574.6
14654;10;35.85
14113;23;304.58
18002;1;216.42
17003;4;234
13884;3;467.37
15424;19;11.91
12573;4;204.69
17544;4;312.23
16194;17;43.1
14717;2;40.7
15487;10;34.47
16028;3;26.5
17212;23;45.16
13177;6;39.4
15862;2;1211.05
15321;10;575.65
13781;6;149.29
14322;8;81.55
14551;5;210.69
13552;11;385.4
17338;4;1670.81
16880;17;35.49
15092;4;101.1
13011;4;12.65
14156;39;29888.03
13615;7;1640.53
15696;5;376.93
17547;5;160.4
17006;3;261.13
14926;47;11.1
16548;1;30.15
15155;8;93.91
15759;35;56.52
16300;2;632.14
14989;11;55.7
18214;12;197.75
15530;11;66.17
14219;7;151.27
17215;9;27.7
17756;4;239.48
16883;3;905.45
13283;8;40.75
16134;15;198.31
14053;55;6.67
17424;-1;176.96
17882;2;159.61
14594;4;93.27
16197;15;300.92
16551;19;224.91
17550;2;987.08
15198;9;82.28
17092;9;658.15
13117;9;311.14
18091;21;41.95
14657;4;218.74
12347;11;162.95
15968;2;217.44
12951;8;380.3
15032;72;153.15
17218;4;662.31
17759;6;107.79
16760;9;27.45
15261;7;303.42
13721;14;15.8
14491;10;16.6
12785;7;237
15865;8;311.67
13555;7;816.35
15095;14;196.77
14325;17;20.75
15636;8;127.15
14866;65;125.03
17968;2;253.61
16428;4;302.62
16886;0;61.4
14159;2;1215.56
16554;6;540.39
17095;16;179.89
18094;26;179.18
15470;58;1.26
12619;14;25.48
14700;5;184.6
14929;15;49.17
13993;8;614.05
16763;8;64.95
14763;-1;9.95
13223;60;11.74
16303;9;429.98
14534;3;725.23
17304;14;15.84
17762;7;32.61
15304;4;47.3
16074;1;198.15
15367;10;519.99
16137;7;75.5
13057;10;141.99
17971;2;65.74
15908;4;139.39
14597;18;112.17
17430;11;72.21
16972;2;398.9
15138;8;144.38
15971;23;35.86
14431;16;194.53
12891;147;3.54
15742;1;145.17
15201;13;71.11
13661;6;68.77
17098;6;110.38
17639;7;152.5
16640;11;18.35
14972;6;5.05
17848;8;627.52
13495;17;228.99
15805;11;742.96
17307;62;112.31
14265;8;195.44
12725;10;631.33
16346;19;21.93
13329;26;301.89
14099;5;710.91
14869;8;420.14
16434;7;337.8
15410;17;115.97
15639;10;118.09
16180;22;360.87
16975;12;114.85
17974;3;488.35
17516;1;138.97
17184;5;55.33
17642;14;136.32
16014;1;356.24
15244;4;179.68
13163;0;21.4
15473;34;8.05
16643;9;73.61
12393;10;137.9
13767;17;1647.89
17851;3;662.55
12997;9;137.64
14537;7;67.34
16077;58;21.65
15848;1;114.74
17310;201;5.1
17519;15;535.61
15911;3;1026.54
15682;8;54.78
16978;4;106.1
16520;2;679.76
15141;14;153.26
13601;4;240.23
18060;12;236.84
12831;12;34.67
18186;30;24.02
12665;7;69.05
14205;8;437.73
16286;4;78.75
17187;21;24.23
13435;12;122.24
16646;35;50.61
17728;8;304.45
14975;8;35.8
13269;16;447.16
17854;5;246.1
14809;12;69.76
14039;25;17.25
12499;11;62.9
17396;10;114.64
15579;4;384.19
16120;20;97.92
15413;99;9416.82
16523;8;466.09
14643;18;122.66
13873;8;170.31
18063;16;11.3
13103;13;44.32
15954;5;34
16183;9;106.8
16732;10;1223.09
12937;10;227.58
14477;66;10.2
16017;5;322.79
17731;6;95.27
18272;13;169.75
17190;11;542.33
15247;29;38.18
13707;17;241.72
17940;3990;1367.01
16858;9;578.32
16400;7;603.02
14311;8;30.57
13541;22;47.92
15851;8;15.94
17399;-1;25111.09
15081;8;339.76
12771;6;89.8
14915;7;304.06
17067;24;28.07
14145;64;65.1
17608;2;132.79
16526;8;113.06
12605;11;174.43
15685;2;29.97
13375;20;107.42
18066;9;173.72
13979;4;965.03
16735;12;453.19
18275;21;47.29
12439;6;271.46
13209;33;155.4
17734;7;155.14
14749;22;30.69
16289;3;41.69
15519;3;109.19
17276;3;176.24
15353;3;965.72
13813;8;329.56
17402;5;532.07
17943;-3;55.01
14583;2;476.08
16944;3;41.28
17611;4;1544.79
12877;8;254.59
18152;7;71.58
13647;14;198.14
16529;5;360.77
15957;2;247.91
17070;2;86.86
14417;4;329.34
13481;7;420.89
12711;12;154.76
15791;11;234.77
15021;1;655.65
18278;4;65.45
17820;2;116.84
14085;5;1842.65
13315;10;43.3
16947;7;112.03
16406;1;300.45
17488;7;55.7
14855;17;527.58
15625;16;141.64
16229;7;336
16615;10;69.61
12379;9;120.9
13919;13;143.54
15459;17;23.82
12608;20;26.04
13753;20;87.93
15293;9;29.15
16741;7;35.68
12983;21;32.39
17282;3;326.03
17823;2;316.15
16409;4;1401.29
17949;257;18585.93
16950;15;259.83
13587;22;63.1
17491;22;161.97
15127;17;56.48
13046;11;64.44
12817;7;142.39
14961;12;1084.99
14191;6;33.6
13421;7;418.25
17159;8;119.91
15731;15;8.9
17617;10;58.8
12880;7;148.42
12651;8;48.5
12714;13;1167.4
16335;2;1278.86
17285;2;223.79
14025;18;422.51
16827;10;75.48
12485;12;81.96
13255;17;76.3
17826;2;79.96
13089;17;4256.13
13859;4;75.9
17494;8;12.85
18035;68;8.15
16003;10;399.47
13693;8;467.7
13152;7;559.4
12382;-1;18.38
12923;5;136.1
14463;15;16.4
17703;13;31.66
15233;12;4.95
18161;11;36.6
16830;7;179.19
17371;2;142.46
13756;10;602.78
12986;6;533.29
13527;4;745
17829;17;345.26
15067;12;453.86
15837;7;94.91
13590;10;809.6
12820;11;287.63
14131;2;109.47
17497;8;50.35
13361;9;150.9
17039;15;172.94
18038;2;80.08
14901;5;210.12
12591;10;201.1
14735;12;720.15
17165;7;410.52
13965;14;120.01
17706;9;1526.52
18247;6;212.89
16275;11;267.99
16707;6;164.53
13424;12;71.83
12425;10;135.87
13195;1;116.95
16109;34;16.78
15339;4;429.91
13799;12;233.69
16833;9;473.86
14569;7;52.62
17915;5;96.5
14028;359;3627.9
13029;8;62.45
13258;20;17.1
17374;4;83.33
18041;7;1043.31
13092;3;451.6
15943;15;20.79
14403;30;25.22
15173;9;246.55
12863;16;178.12
13633;-1;306.66
17583;7;19.65
16501;3;551.47
13862;11;42.57
16710;4;1461.79
17251;6;154.33
12926;2;688.93
13696;21;113.21
14237;8;118.53
17709;8;150.69
15777;11;99.92
14841;14;507.07
17377;3;4122.99
15611;4;355.29
12531;9;277.55
13530;15;36.13
17918;8;79.47
16919;3;1019
12760;9;62.56
16381;1;196.1
13905;8;78.7
14134;32;603.74
12594;11;255.64
17586;8;23.8
15445;6;41.2
13135;7;73.2
17045;6;183.16
18127;2;84.6
14675;2;269.39
16713;6;2630.23
14738;5;156.42
15279;7;299.82
18253;18;32.23
12969;11;22.95
14509;1;87.75
13739;7;10.05
16049;1;519.21
13968;21;8.01
13198;8;348.48
17254;4;67.12
14343;2;573.68
13802;29;1152.37
13573;5;171.55
14572;5;855.54
17463;3;297.96
16922;2;369.44
17921;2;782.48
13032;6;473.5
12803;15;99.79
13407;17;243.08
14177;5;660.6
17589;6;2776.15
14947;5;234.19
15717;9;64.05
12637;5;561.79
12866;10;118.12
16590;7;135.15
16321;1;43.3
12471;11;2763.72
17798;2;86.88
14011;19;44.01
15551;4;366.45
16799;1;362.9
17257;12;30.7
13241;1;107.12
14240;12;49.8
14781;-1;530.31
16467;295;30.91
13304;6;279.54
15385;29;20.42
14074;38;5.9
14844;16;405.77
14615;9;167.36
16155;9;168.25
16925;6;42.96
18007;4;82.16
15989;1;274.03
17675;17;1546.41
16593;4;235.78
13679;2;148.02
15448;12;50.58
15219;13;42.27
12909;9;185.79
12368;18;79.05
14678;7;100.43
17134;3;72.75
14449;3;554.58
13138;6;137.26
15823;11;571.26
17343;6;244.62
14512;10;129.91
16802;6;95.49
17801;9;133.38
12972;9;282.02
13513;7;81.41
15282;14;35.33
14283;13;79.15
13576;12;596.79
12577;4;283.79
16470;2;793.44
17469;8;668.94
17011;35;20.18
12806;31;445.75
14346;14;231.39
13410;31;55.46
18219;8;319.19
17137;3;377.11
17678;12;70.9
14180;2;895.14
16679;13;93.39
15720;1;107.31
16261;3;99.49
12411;6;74.7
14721;2;72.07
13181;9;53.07
16805;3;358.09
14555;7;396.26
12474;9;966.23
15325;6;406.36
14014;25;137.03
17346;3;1102.3
13015;10;896.32
13785;5;168.92
16095;8;72.2
14784;10;21.08
13078;13;1876.62
13848;1083;1.92
14389;11;100.89
13619;1;154.99
15929;120;4.95
17555;2;305.57
12849;12;384.94
14618;11;183.52
15159;20;244.05
16473;10;16.74
12683;13;599.2
17681;23;40.77
15222;24;166.3
14452;2;216.55
14993;2;17.14
15992;9;118.57
13453;8;96.18
17223;2;252.25
14286;19;289.1
16891;1;995.47
14057;9;374.45
12746;4;73.95
13287;3;218.05
14827;5;0
17349;8;190.25
15597;7;48.5
15826;16;132.82
15056;11;22.25
13516;7;88.3
16367;4;157.26
17017;21;6203.75
15660;11;160.63
14890;11;107.17
13891;4;256.75
12580;9;88.61
15431;42;4.04
16476;7;95.05
14120;-4;5.95
16201;10;47.95
17558;1;125.92
12351;12;49.46
15265;8;321.68
18225;12;959.71
15494;7;544.06
14495;2;17
17226;11;103.71
14724;4;107.91
16035;1;163.23
12414;0;477.08
16264;9;165.49
17767;3;42.2
14558;9;140.15
16098;16;303.81
14329;9;1101.04
12789;8;42.9
13018;8;647.24
15869;4;46.99
13559;180;5.5
16894;2;925.34
13788;1;3.75
17435;13;65.2
15328;11;19.71
18102;193;6408.17
17561;1;401.87
13393;9;311.99
15162;4;83.2
13622;11;118.23
17020;12;111.79
16562;7;40.52
14163;9;11.14
14933;60;14.75
14392;8;38
15766;9;67.55
16307;14;137.5
13997;3;203.74
14996;9;92.88
14767;6;94.33
14226;13;75.84
12686;15;22.81
13831;15;561.63
15371;12;4.95
17438;8;260.76
14060;39;126.62
15600;8;268.74
13290;0;625.89
16141;8;119.09
16204;8;128
15434;9;261.51
16565;14;42.1
14435;94;1.67
13665;15;215
13124;10;169.42
17106;2;238.94
15039;6;4409.7
13728;8;472.68
17773;4;172.79
16774;5;308.66
12958;2;253.99
15268;15;103.9
14498;5;584.67
15809;16;655.61
14269;5;103.47
17441;11;43.07
16442;1;197.56
13562;7;517.68
17982;9;25.66
12792;7;113.92
13333;12;136.98
14103;5;0
14873;6;81.65
15102;12;88.98
15872;3;208.49
14332;11;110.65
18108;5;138.68
15477;108;3.2
14936;13;714.59
16568;73;61.45
14166;1;174.2
14707;48;2.9
17109;8;73.38
13937;10;130.46
15311;14;6436.08
14000;30;85.17
17776;3;204.68
17318;3;66.07
14541;6;205.3
16081;4;543.3
15540;15;22.45
13771;17;302.37
14770;7;606.51
13230;2;1893.85
16310;9;87.58
16777;4;399.36
12460;9;78.86
13834;10;153.19
16986;8;701.75
15374;23;6.96
14604;3;46.66
13064;6;213.55
14375;3;451.99
16445;1;263.38
15915;3;255.92
14979;4;158.65
14209;6;756.74
13668;7;1282.91
18194;54;82.28
12898;7;78.87
15978;18;201.37
16654;7;223.4
17112;2;98.82
15208;6;24.5
15812;29;212.72
16353;18;173.49
14043;3;113.37
14272;16;73.39
15042;52;2.96
14813;2;471.23
17321;2;589.95
17862;3;374.61
13502;14;49
16780;2;128.43
15583;1;85.16
14106;24;8.95
17988;1;234
17530;2;415.67
14876;12;32.36
14647;4;99.15
16448;3;62.11
15646;13;79.59
14710;2;619.38
15251;47;527.15
14481;8;670.45
15480;8;5909.58
18197;14;22.65
16021;2;352.84
12400;8;32.05
16250;6;101.12
17198;3;233.35
17865;10;2280.34
13004;8;1188.07
15085;18;20.91
17324;6;216.46
14544;11;140.81
15314;15;47.4
15855;16;30.86
16992;6;1134.02
15918;4;72.95
16534;4;184.84
14378;6;33.25
12838;4;740.99
15689;8;54.09
13608;3;79.95
14919;9;41.85
18074;8;196.47
17533;24;1.45
17742;8;525.11
15523;74;547.8
13442;3;266.38
16293;8;487.54
16660;52;26.12
17201;5;384.87
12672;3;73.85
14982;3;97.73
14753;11;32.46
15752;4;436.37
14212;74;21.27
16127;1;98.22
15586;33;60.33
15357;-1;36.75
13276;3;733.59
16356;3;59.7
17868;4;72.35
13110;3;538.84
15420;15;78.63
18077;9;229.14
16190;10;476.63
15191;8;116.3
17536;15;34.29
16537;14;2.05
14650;5;27.4
13880;11;135.83
15961;3;157.18
15254;8;196.04
16746;13;1331.72
18286;8;306.55
14484;13;81.51
15795;9;236.14
17204;16;474.87
17745;5;185.38
13714;1;109.05
16024;4;42.43
17954;3;795.47
15858;5;871.74
16414;3;173.45
12778;14;167.18
17413;30;37.42
15629;19;221.7
13548;1;167.97
16872;43;52.51
14318;16;14.74
16233;9;273.31
13382;10;167.2
14152;13;142.76
17081;2;487.34
17622;9;156.9
14922;7;199.42
16540;3;97.95
17290;7;291.93
16749;26;219.89
16296;7;279.17
16067;14;325.95
17748;6;76.45
14756;11;347.16
13050;5;2142.26
14590;4;861.93
17416;13;1148.52
13820;3;277.24
16130;5;325.42
15901;5;132.05
16417;6;5.95
16958;7;181.92
15194;17;461.95
17625;6;928.57
13654;15;334.65
15964;4;73.76
18166;9;23.8
15735;10;61.3
17084;11;348.31
14258;50;836.53
17293;9;294.16
13488;11;1065.17
15798;11;201.48
17834;11;224.5
15028;4;186.64
16752;6;122.35
16961;8;145.48
14092;9;546.65
17960;1;36.2
16420;60;2.07
15466;3;485.15
13156;8;345.36
14696;12;109.41
17170;13;23.72
12386;26;21.81
17296;6;128.4
14530;5;925.37
16838;9;138.51
12990;20;27.3
13760;6;209.62
16964;8;27.3
13594;3;65.85
18046;1;160.73
17505;13;177.22
15134;14;20.7
15738;19;637.76
18172;14;1268.56
14198;6;296.02
16632;9;43.55
17714;6;348.72
13428;3;120.28
14968;2;213.54
14032;18;192.84
16841;11;234.31
13262;3;158.95
15572;6;479.45
17382;27;35.01
17840;2;94.14
14802;0;4508.94
12492;11;70
17508;12;645.17
12555;1;129.23
16176;11;283.57
18049;4;219.97
15406;4;139.57
13096;6;69.95
15240;11;478.18
13700;9;78.29
17176;15;55.83
12389;12;130.06
18258;37;160.14
16010;3;424.03
14470;5;73.45
17717;13;48.4
16635;11;55.12
16844;8;103.45
14304;8;249.14
17926;11;73
13534;6;325.02
15074;19;51.62
17511;51;2751.18
16512;-2;16.95
12598;11;213.46
18052;1110;10.5
15678;10;249.19
14908;10;14.3
13368;11;104.07
13202;8;351.95
16282;30;84.9
15512;6;80.01
17720;12;334.39
17179;4;177.3
12661;19;9.65
14742;11;84.8
17929;32;69.55
17388;35;78.9
13036;6;57.95
16847;7;140.85
12495;6;114
15346;5;79.12
14576;12;2.95
17056;3;33
15950;8;872.16
12870;9;438.44
13640;27;15
17597;13;242.62
15180;12;112.33
16515;6;317.12
14410;4;527.65
18055;6;1074.74
12933;2;662.39
15784;8;171.74
14244;40;23.96
13474;3;217.89
18264;6;165.5
16724;4;40.65
17723;60;1.7
16933;4;832.01
14078;3;275.12
13308;13;43.6
16392;3;227.79
13537;8;136.1
14848;23;14.69
12538;11;53.67
12767;13;90.08
16222;6;112.65
14682;10;260.74
17059;5;836.03
13371;10;394.58
16601;6;125.4
18141;10;133.29
15452;5;346.21
13912;4;34.65
12601;7;48.95
17809;24;285.44
12435;38;220.41
17268;22;67.85
16727;5;269.61
18267;6;61.32
12976;16;203.57
14516;1;105.2
13205;256;10.95
13746;9;31.17
16395;3;1002.35
17935;4;133.75
13039;5;302.19
12810;12;62.13
17477;4;279.43
15890;11;125.53
13809;19;64.4
14350;8;201.04
16936;2;159.24
13580;9;46.15
13643;7;356.86
13414;34;78.5
17603;5;336.21
18144;20;170.61
12644;7;330.02
14954;2;120.96
12873;21;104.18
17145;13;544.15
16604;7;40.95
15724;5;20.7
17271;2;143.56
13477;13;196.78
14018;17;34.17
15558;2;110.06
14788;10;83.49
16328;8;46.07
14247;3;380.49
17812;2;220.43
14081;3;2136.24
13082;69;121.08
16481;9;52.25
16939;5;145.23
13852;6;48.35
18021;5;91.8
17480;10;52.86
15392;14;192.32
13915;4;15.8
12916;8;374.33
13145;30;307.75
16607;12;343.8
17689;13;26.38
15996;4;255.54
13686;11;41.13
14290;8;295.25
13749;-3;4.3
12979;8;132.71
14519;2;109.44
13520;13;499.51
17815;47;15.2
14894;12;89.71
12813;25;105.55
13583;8;122.081
15664;6;145.7
17025;23;54.08
14353;14;33.45
17483;10;25.79
17151;10;22.3
13958;9;1045.64
15498;13;2539.12
12647;12;2090.42
13417;6;200.06
16693;4;265.48
12418;9;224.29
17692;14;235.4
14187;6;38.4
14728;4;48.68
14562;4;463.9
12481;21;809.42
14791;6;65.79
14021;10;245.1
17901;4;43.65
15332;14;394.97
16819;14;47.34
13022;7;25.3
17360;2;354.67
13792;6;47.45
13251;8;38.29
13085;11;1041.17
14396;3;611.64
13855;7;243.74
14625;8;832.47
17028;9;327.19
16487;4;70.3
15936;11;55.76
15166;11;29.64
13626;6;132.94
17695;37;38.53
14459;20;319.111
15229;12;14.45
15770;3;108.5
18236;5;232.82
14230;7;181.48
13689;70;5.25
17237;5;193.21
14293;11;258.18
16905;4;552.09
12524;35;349.62
14064;12;256.14
13294;11;163.34
16374;2;791.14
14834;6;111.38
13523;10;226.15
17363;14;81.5
17572;10;57.79
12358;14;256.13
14897;9;282.67
13128;31;8.5
16208;6;652.5
13357;5;996.73
17031;48;54.75
14668;4;26.34
13898;12;62.01
14127;6;302.11
18113;72;1.06
16699;10;155.65
15272;1;1034.97
13191;1;110.83
17240;15;11.35
12421;7;107.96
16042;10;212.53
18239;6;139.6
15501;2;222.94
13961;10;76.15
17449;4;839.3
13025;18;27.84
16908;1;83.39
13795;43;52.96
17907;80;43.37
13566;3;334.01
12796;26;26.7
14565;12;97.7
15876;80;40.72
14940;12;52.55
15169;6;138.65
17575;14;30.8
13629;119;47.14
14399;4;516.58
13400;11;50.25
16576;8;114.79
12859;13;57.25
18116;2;542.18
15710;5;270.98
14170;1;385.6
15939;18;162.48
17243;6;3219.73
13234;2;193.43
15003;1;763.21
15544;12;474.61
14233;13;141.05
17784;3;70.36
15773;2;77.37
14774;7;67.65
12693;6;199.3
16314;10;224.55
14004;10;261.47
13463;-1;158.65
16785;8;114.83
14608;20;92.33
15607;12;272.72
16148;15;33.55
14837;15;158
16911;4;85.05
17993;1;149.09
17452;-1;227.28
13838;1;934.71
16453;9;47.01
12527;20;30.2
13297;26;179.51
15378;10;22.7
15441;10;200.57
13672;6;40.89
13901;9;639
14442;7;1094.25
12361;7;78.9
13131;10;332.57
18119;4;83.47
17661;-8;6.75
15982;2;154.49
14671;10;176.73
16211;28;33.73
16579;7;73.25
15212;9;15.99
14505;3;2556.61
13735;6;1520.29
17329;4;169.87
15046;6;698.42
16788;1;795.23
14276;9;140.48
15816;4;57.6
16045;13;182.59
13506;11;209.19
17787;11;108.72
14110;13;719.83
15109;6;96.15
15879;3;615.33
12570;1;77.52
13340;47;767.74
15650;5;180.01
16456;8;1551.28
17996;8;214.8
12799;9;42.55
14339;32;17.49
13569;1;321.13
13174;3;2695.85
15484;17;113
14173;8;26.83
15713;8;183.94
13403;11;24.05
14714;4;227.38
16254;7;236.41
14943;9;15.92
13944;4;63.68
17664;12;85.42
17123;12;68.44
12633;9;653.41
15547;5;1861.56
16791;2;1134.73
14548;7;333.07
13008;8;66.94
17873;19;296.29
17332;8;244.47
13237;5;128.65
16317;7;239.74
16088;62;26.16
13778;12;147.93
14007;3;31.79
12467;0;29.12
14777;11;91.91
12842;24;34.6
16459;11;12.84
15152;9;61.15
13612;8;183.48
13071;2;49.27
14611;14;87.25
15922;11;51.45
16151;-1;4217.59
15381;37;66.39
17000;10;48.92
14382;2;341.18
17999;2;263.21
17458;3;82.24
